{
	"name": "Java 8",
	"build": {
		"dockerfile": "Dockerfile",
		"args": {
			"INSTALL_MAVEN": "true",
			"INSTALL_GRADLE": "false",
			"INSTALL_NODE": "false",
			"NODE_VERSION": "lts/*"
		}
	},

	// Set *default* container specific settings.json values on container create.
	"settings": {
		"terminal.integrated.shell.linux": "/bin/bash",
		"java.home": "/docker-java-home",
		"java.import.gradle.java.home": "/usr/local/sdkman/candidates/java/current",
		"java.project.importOnFirstTimeStartup": "automatic",
		"java.configuration.runtimes": [{
			"default": true,
			"name": "JavaSE-1.8",
			"path": "/usr/local/sdkman/candidates/java/current"
		}],
		"maven.executable.path": "/usr/local/sdkman/candidates/maven/current/bin/mvn",
		"maven.terminal.favorites": [{
			"alias": "run",
			"command": "compile exec:java"
		}]
	},

	// Add the IDs of extensions you want installed when the container is created.
	"extensions": [
		"vscjava.vscode-java-pack"
	],

	// Use 'forwardPorts' to make a list of ports inside the container available locally.
	"forwardPorts": [
		"8282",
	]

	// Use 'postCreateCommand' to run commands after the container is created.
	// "postCreateCommand": "java -version",

	// Uncomment to connect as a non-root user. See https://aka.ms/vscode-remote/containers/non-root.
	// "remoteUser": "vscode"
}
