<?xml version="1.0"?>
<map>
  <effect id="dance.1" lib="Dance1" type="dance" revision="59200"/>
  <effect id="dance.2" lib="Dance2" type="dance" revision="59200"/>
  <effect id="dance.3" lib="Dance3" type="dance" revision="59200"/>
  <effect id="dance.4" lib="Dance4" type="dance" revision="59200"/>
  <effect id="1" lib="Spotlight" type="fx" revision="59200"/>
  <effect id="2" lib="Hoverboard" type="fx" revision="59200"/>
  <effect id="3" lib="UFOblue" type="fx" revision="59200"/>
  <effect id="4" lib="Twinkle" type="fx" revision="59200"/>
  <effect id="5" lib="Torch" type="fx" revision="59220"/>
  <effect id="6" lib="Jetpack" type="fx" revision="59200"/>
  <effect id="7" lib="Butterflies" type="fx" revision="59200"/>
  <effect id="8" lib="Fireflies" type="fx" revision="59200"/>
  <effect id="9" lib="Love" type="fx" revision="59200"/>
  <effect id="10" lib="Flies" type="fx" revision="59200"/>
  <effect id="11" lib="XRay" type="fx" revision="59200"/>
  <effect id="12" lib="Ice" type="fx" revision="59200"/>
  <effect id="13" lib="Ghost" type="fx" revision="59200"/>
  <effect id="14" lib="HoverboardPink" type="fx" revision="59200"/>
  <effect id="15" lib="HoverboardYellow" type="fx" revision="59200"/>
  <effect id="16" lib="Microphone" type="fx" revision="59220"/>
  <effect id="17" lib="UFOpink" type="fx" revision="59200"/>
  <effect id="18" lib="UFOyellow" type="fx" revision="59200"/>
  <effect id="19" lib="Carpolice" type="fx" revision="59200"/>
  <effect id="20" lib="Carambulance" type="fx" revision="59200"/>
  <effect id="21" lib="Cardollar" type="fx" revision="59200"/>
  <effect id="22" lib="Cartopfuel" type="fx" revision="59200"/>
  <effect id="23" lib="TotemMan" type="fx" revision="59200"/>
  <effect id="24" lib="TotemMerdragon" type="fx" revision="59200"/>
  <effect id="25" lib="TotemEagle" type="fx" revision="59200"/>
  <effect id="26" lib="TotemMix" type="fx" revision="59220"/>
  <effect id="27" lib="Viking" type="fx" revision="59220"/>
  <effect id="28" lib="Splash" type="fx" revision="59200"/>
  <effect id="29" lib="Swimming" type="fx" revision="59200"/>
  <effect id="30" lib="Wade" type="fx" revision="59200"/>
  <effect id="31" lib="Cheetos" type="fx" revision="59220"/>
  <effect id="32" lib="DespicableMe" type="fx" revision="59200"/>
  <effect id="33" lib="BBRed" type="fx" revision="59200"/>
  <effect id="34" lib="BBgreen" type="fx" revision="59200"/>
  <effect id="35" lib="BBblue" type="fx" revision="59200"/>
  <effect id="36" lib="BByellow" type="fx" revision="59200"/>
  <effect id="37" lib="Wadeinswamp" type="fx" revision="59200"/>
  <effect id="38" lib="IceSkatingboys" type="fx" revision="59220"/>
  <effect id="39" lib="IceSkatinggirls" type="fx" revision="59220"/>
  <effect id="40" lib="ESred" type="fx" revision="59220"/>
  <effect id="41" lib="ESgreen" type="fx" revision="59220"/>
  <effect id="42" lib="ESblue" type="fx" revision="59220"/>
  <effect id="43" lib="ESyellow" type="fx" revision="59220"/>
  <effect id="44" lib="Sims" type="fx" revision="59200"/>
  <effect id="45" lib="TaggedIceSkatingboys" type="fx" revision="59200"/>
  <effect id="46" lib="TaggedIceSkatinggirls" type="fx" revision="59200"/>
  <effect id="47" lib="Megamind" type="fx" revision="59200"/>
  <effect id="48" lib="CarDoggy" type="fx" revision="59200"/>
  <effect id="49" lib="ESredUntouchable" type="fx" revision="59200"/>
  <effect id="50" lib="ESgreenUntouchable" type="fx" revision="59200"/>
  <effect id="51" lib="ESblueUntouchable" type="fx" revision="59200"/>
  <effect id="52" lib="ESyellowUntouchable" type="fx" revision="59200"/>
  <effect id="53" lib="Easterchicks" type="fx" revision="59200"/>
  <effect id="54" lib="Easterbunny" type="fx" revision="59200"/>
  <effect id="55" lib="RollerSkatingboys" type="fx" revision="59220"/>
  <effect id="56" lib="RollerSkatinggirls" type="fx" revision="59220"/>
  <effect id="57" lib="TaggedRollerSkatingboys" type="fx" revision="59200"/>
  <effect id="58" lib="TaggedRollerSkatinggirls" type="fx" revision="59200"/>
  <effect id="59" lib="SunnyDelight" type="fx" revision="59200"/>
  <effect id="60" lib="Rango" type="fx" revision="59200"/>
  <effect id="61" lib="DisneyChannelEffect1" type="fx" revision="59200"/>
  <effect id="62" lib="DisneyChannelEffect2" type="fx" revision="59200"/>
  <effect id="63" lib="DisneyChannelEffect3" type="fx" revision="59200"/>
  <effect id="64" lib="Candle" type="fx" revision="59220"/>
  <effect id="65" lib="mobile0800" type="fx" revision="59220"/>
  <effect id="66" lib="DisneyWizardsofWaverly" type="fx" revision="59220"/>
  <effect id="67" lib="RioParrot" type="fx" revision="59200"/>
  <effect id="68" lib="eastertagging" type="fx" revision="59200"/>
  <effect id="69" lib="Volkswagen" type="fx" revision="59200"/>
  <effect id="70" lib="KungfuPanda" type="fx" revision="59200"/>
  <effect id="71" lib="Skateboard1" type="fx" revision="59200"/>
  <effect id="72" lib="Skateboard2" type="fx" revision="59200"/>
  <effect id="73" lib="ChupaChups" type="fx" revision="59200"/>
  <effect id="74" lib="Lei1" type="fx" revision="59200"/>
  <effect id="75" lib="Lei2" type="fx" revision="59200"/>
  <effect id="76" lib="Lei3" type="fx" revision="59200"/>
  <effect id="77" lib="Riding" type="fx" revision="59220"/>
  <effect id="78" lib="Perry" type="fx" revision="59200"/>
  <effect id="79" lib="AlienMask" type="fx" revision="59200"/>
  <effect id="80" lib="GiantMouth" type="fx" revision="59200"/>
  <effect id="81" lib="SwampCreatureMask" type="fx" revision="59200"/>
  <effect id="82" lib="InkBlotMask" type="fx" revision="59200"/>
  <effect id="83" lib="MimeMask" type="fx" revision="59200"/>
  <effect id="84" lib="MummyMask" type="fx" revision="59200"/>
  <effect id="85" lib="PumpkinMask" type="fx" revision="59200"/>
  <effect id="86" lib="ScarecrowMask" type="fx" revision="59200"/>
  <effect id="87" lib="WolfMask" type="fx" revision="59200"/>
  <effect id="88" lib="ZombieMask" type="fx" revision="59200"/>
  <effect id="89" lib="BackKnife" type="fx" revision="59200"/>
  <effect id="90" lib="ButteryflyWings1" type="fx" revision="59200"/>
  <effect id="91" lib="FairyWings1" type="fx" revision="59200"/>
  <effect id="92" lib="GhostSheet" type="fx" revision="59200"/>
  <effect id="93" lib="Headless" type="fx" revision="59200"/>
  <effect id="94" lib="LiisuTruck" type="fx" revision="59200"/>
  <effect id="95" lib="Snowwarred" type="fx" revision="59200"/>
  <effect id="96" lib="Snowwarblue" type="fx" revision="59200"/>
  <effect id="97" lib="Snowboardplch" type="fx" revision="59660"/>
  <effect id="98" lib="SnowstormCrosshair" type="fx" revision="66539"/>
  <effect id="99" lib="Niko" type="fx" revision="59220"/>
  <effect id="100" lib="Dragon" type="fx" revision="59200"/>
  <effect id="101" lib="BangGun" type="fx" revision="59220"/>
  <effect id="102" lib="Staff" type="fx" revision="59200"/>
  <effect id="103" lib="RidingSaddle2" type="fx" revision="62061"/>
  <effect id="104" lib="Pie" type="fx" revision="59200"/>
  <effect id="105" lib="Dubbelfrisss" type="fx" revision="59200"/>
  <effect id="106" lib="BlueTorch" type="fx" revision="59220"/>
  <effect id="107" lib="PlastoPodChair" type="fx" revision="59200"/>
  <effect id="108" lib="Ninjadisappear" type="fx" revision="59200"/>
  <effect id="109" lib="Medal1" type="fx" revision="59200"/>
  <effect id="110" lib="Medal2" type="fx" revision="59200"/>
  <effect id="111" lib="Medal3" type="fx" revision="59200"/>
  <effect id="112" lib="SpiderMan" type="fx" revision="59200"/>
  <effect id="113" lib="Raincloud" type="fx" revision="59200"/>
  <effect id="114" lib="StrongArms" type="fx" revision="59200"/>
  <effect id="115" lib="Ringmaster" type="fx" revision="59200"/>
  <effect id="116" lib="Fly" type="fx" revision="59200"/>
  <effect id="117" lib="Executioner" type="fx" revision="59220"/>
  <effect id="118" lib="Evilclown" type="fx" revision="59200"/>
  <effect id="119" lib="DarkAlienMask" type="fx" revision="59200"/>
  <effect id="120" lib="GiantMouth2" type="fx" revision="59254"/>
  <effect id="121" lib="SwampCreatureMask2" type="fx" revision="59254"/>
  <effect id="122" lib="InkBlotMask2" type="fx" revision="59254"/>
  <effect id="123" lib="MimeMask2" type="fx" revision="59254"/>
  <effect id="124" lib="Mummy2Mask" type="fx" revision="59200"/>
  <effect id="125" lib="FrostPumpkinMask" type="fx" revision="59200"/>
  <effect id="126" lib="ScarecrowMask2" type="fx" revision="59254"/>
  <effect id="127" lib="EvilWolfMask" type="fx" revision="59200"/>
  <effect id="128" lib="ZombieMask2" type="fx" revision="59254"/>
  <effect id="129" lib="BackKnife2" type="fx" revision="59254"/>
  <effect id="130" lib="ButteryflyWings2" type="fx" revision="59254"/>
  <effect id="131" lib="FairyWings2" type="fx" revision="59254"/>
  <effect id="132" lib="GlowingGhostSheet" type="fx" revision="59200"/>
  <effect id="133" lib="Headless2" type="fx" revision="59256"/>
  <effect id="134" lib="SnakeBody" type="fx" revision="59220"/>
  <effect id="135" lib="PuppetMaster" type="fx" revision="59200"/>
  <effect id="136" lib="BackwalkingShoes" type="fx" revision="59220"/>
  <effect id="137" lib="GoldSpotlight" type="fx" revision="59200"/>
  <effect id="138" lib="GoldenGlasses" type="fx" revision="59200"/>
  <effect id="139" lib="GoldMicrophone" type="fx" revision="63790"/>
  <effect id="140" lib="HabnamDance" type="fx" revision="59200"/>
  <effect id="141" lib="Flowermask" type="fx" revision="59200"/>
  <effect id="142" lib="Goatmask" type="fx" revision="59200"/>
  <effect id="143" lib="Feathermask1" type="fx" revision="59200"/>
  <effect id="144" lib="Feathermask2" type="fx" revision="59200"/>
  <effect id="145" lib="Feathermask3" type="fx" revision="59200"/>
  <effect id="146" lib="Feathermask4" type="fx" revision="59200"/>
  <effect id="147" lib="Peacock1Mask" type="fx" revision="59200"/>
  <effect id="148" lib="Peacock2Mask" type="fx" revision="59200"/>
  <effect id="149" lib="Peacock3Mask" type="fx" revision="59200"/>
  <effect id="150" lib="Peacock4Mask" type="fx" revision="59200"/>
  <effect id="151" lib="Goatmask2" type="fx" revision="59200"/>
  <effect id="152" lib="Goatmask3" type="fx" revision="59200"/>
  <effect id="153" lib="Flowermask2" type="fx" revision="59200"/>
  <effect id="154" lib="MassiveEgg" type="fx" revision="59200"/>
  <effect id="155" lib="bcrystal" type="fx" revision="59200"/>
  <effect id="156" lib="gcrystal" type="fx" revision="59200"/>
  <effect id="157" lib="Pimple" type="fx" revision="59200"/>
  <effect id="158" lib="Pinata" type="fx" revision="59200"/>
  <effect id="159" lib="Barrel" type="fx" revision="62060"/>
  <effect id="160" lib="PirateCaptain" type="fx" revision="59220"/>
  <effect id="161" lib="PirateCrew" type="fx" revision="59220"/>
  <effect id="162" lib="PirateSword" type="fx" revision="59200"/>
  <effect id="163" lib="HeadOnTheGround" type="fx" revision="59200"/>
  <effect id="164" lib="PirateGun" type="fx" revision="59200"/>
  <effect id="165" lib="SpinningThumbsUp" type="fx" revision="59200"/>
  <effect id="166" lib="Goblin" type="fx" revision="59200"/>
  <effect id="167" lib="Mutant" type="fx" revision="59200"/>
  <effect id="168" lib="SpinningHeats" type="fx" revision="59200"/>
  <effect id="169" lib="Slimed" type="fx" revision="59200"/>
  <effect id="170" lib="Duck" type="fx" revision="61749"/>
  <effect id="171" lib="SpaceBunny" type="fx" revision="59200"/>
  <effect id="172" lib="RedViking" type="fx" revision="59220"/>
  <effect id="173" lib="GreenViking" type="fx" revision="59220"/>
  <effect id="174" lib="HoverboardGreen" type="fx" revision="59200"/>
  <effect id="175" lib="RedAirplane" type="fx" revision="59200"/>
  <effect id="176" lib="BlueAirplane" type="fx" revision="59200"/>
  <effect id="177" lib="TarandFeather" type="fx" revision="59200"/>
  <effect id="178" lib="Ambassador" type="fx" revision="59200"/>
  <effect id="179" lib="Luchador" type="fx" revision="59200"/>
  <effect id="180" lib="DayoftheDead" type="fx" revision="59200"/>
  <effect id="181" lib="DayoftheDead2" type="fx" revision="59200"/>
  <effect id="182" lib="CyberpunkGun" type="fx" revision="59200"/>
  <effect id="183" lib="FossilHammer" type="fx" revision="59200"/>
  <effect id="184" lib="SplashEvil" type="fx" revision="59791"/>
  <effect id="185" lib="SwimEvil" type="fx" revision="59733"/>
  <effect id="186" lib="MagicWand" type="fx" revision="60704"/>
  <effect id="187" lib="Bot" type="fx" revision="60559"/>
  <effect id="188" lib="CameraBot" type="fx" revision="61736"/>
  <effect id="189" lib="MobileDisco" type="fx" revision="61750"/>
  <effect id="190" lib="MobileDisco2" type="fx" revision="61750"/>
  <effect id="191" lib="Hoverplank" type="fx" revision="61800"/>
  <effect id="192" lib="WateringCan" type="fx" revision="61861"/>
  <effect id="193" lib="TrampolineJump" type="fx" revision="62089"/>
  <effect id="194" lib="Treadmill" type="fx" revision="62149"/>
  <effect id="195" lib="CrossTrainer" type="fx" revision="62352"/>
  <effect id="196" lib="LightTorch" type="fx" revision="62457"/>
  <effect id="197" lib="Flycarpet" type="fx" revision="63334"/>
  <effect id="198" lib="ZombieDuck" type="fx" revision="63413"/>
  <effect id="199" lib="Turtleride" type="fx" revision="64066"/>
  <effect id="200" lib="RollerSkatingSlide" type="fx" revision="66684"/>
  <effect id="201" lib="NFTCoin1" type="fx" revision="67093"/>
  <effect id="202" lib="NFTCoin2" type="fx" revision="67093"/>
  <effect id="203" lib="NFTCoin3" type="fx" revision="67093"/>
  <effect id="204" lib="NFTCoin4" type="fx" revision="67093"/>
  <effect id="205" lib="NFTCoin5" type="fx" revision="67093"/>
  <effect id="206" lib="NFTCoin6" type="fx" revision="67093"/>
</map>
